ID,is_bot
af36ac2aa9734738bbd533db8e5fb43a_0,0.115691766
cdc2c5c605144c8e8dd5e9ea3d1352fc_0,0.13964285
ed19efdedcb24600aea67c968aba5520_0,0.6547804
f2ea031960cf4454b4596d94cbee021e_0,0.015770348
d948808cda4944cd838f88308a9ecd8b_0,0.026218724
e2471e582715423aa906e4e99597c5ac_0,0.116086714
bd67234d1a8e4bc189b8e23e2b569fa7_0,0.43425903
dac8fa9f618946af8420301c6532ad5d_0,0.106489904
b131a6d1a3b74a228b19125a50574b4d_0,0.35328323
5b0ba02970d64795b11dd810255754ee_0,0.023042822
aaf7ba7752794c32aeda39d31246307a_0,0.0060025775
72c7efccbd434f2a9a4c63f0d579356c_0,0.010973355
8e9e95a13f194d9eb1e130a419ea7869_0,0.09417213
4275718792124ba1b07078a428e96d71_0,0.02774908
838a6c9afa98486a8c62fcc54d508e96_0,0.006515433
97a587a5579047d5a289864e97b39453_0,0.035155296
6327f316231d40fbad110e940775514f_0,0.02114396
b4cd3e31d4ba4cf9808c01b53b6332aa_0,0.052488472
cc594d7907804e84b52a0bcded531a62_0,0.05107753
4f5a32c96b824f41b2ffadba3495d58d_0,0.9773537
2cb2cdb19ff3411f85b578f55d89d650_0,0.25694668
75cc5e06f40a4ab7a8ba1577485e3708_0,0.02439681
2c10ed39d9c7413d9e3a658dd876a0db_0,0.03764412
4d3de5b78ffb4ec7ac7d5acd77946a2d_0,0.26167983
c9bac672cc364eeeac367a6b21b3ef29_0,0.14458193
6d342f871ca34433954df514a9bbed42_0,0.06027321
77fe277ef8ba40fcab7282aad89cf77a_0,0.8713138
de1235a9528b4b9d83d5fbfb8dbe6ada_0,0.31191027
e698984d4b1f4c07ad204a75b79e9b8b_0,0.041854694
d6765b6c90b7425ea464e5c3e250b873_0,0.09536877
a5f9556b3625447eb10c985cab5f038e_0,0.08499843
3722c584edf34e7497f33c83872990d7_0,0.030517686
1070ffc501b3404aae501ce77ffc2e74_0,0.37686053
d7d2e35f70404453aa3556c7a9a37bf7_0,0.3513466
48a90e46ad5f44d9b975f6dbda3fa1c4_0,0.043841798
75bf853c1009452ea798bde09ddca96f_0,0.54551363
1147c9722e334a90a4ff627d5e40638c_0,0.034737557
e3005ae3a047490d9b2c019e7280d212_0,0.82520914
40e7ebb35e8a4f1089c4de799a942895_0,0.032486793
dbf63002a33c4183bc085581cfbd4366_0,0.011963637
5e094fece9c249ecbeecb1b829cf5ef9_0,0.008218046
b191ba30fb96410d8e18198ae5125152_0,0.029047435
02f44e0ff9ab47a1ae060e9d7ac10cd7_0,0.040960617
c372ad8bd4d34eee93af030e68a61ac7_0,0.008245344
6dbbf719a73e4439835c1e8837249f00_0,0.06806575
d39ceee3f7d44baaa748f50435fb64a5_0,0.037076075
e298b53542d443e3b12be25876948226_0,0.03191321
e5000636472f4e09a292fccde0d828b5_0,0.015829673
0696301195b043ef9ecb5d80187f6edd_0,0.024177171
4d9df9374d13415d8717a09e4de67983_0,0.013241318
621d5e85990e4c4abc8cd6f2667396e0_0,0.16218463
72d6f24efcb640d5b193d6219ecfcdab_0,0.008646224
bf3515f7f41d49d4be2ca05ec0a19c25_0,0.09163452
9ff3153d2e9f41b1bc66a7e99f9098b0_0,0.0124603575
fd940768853241689f494423ac3f5e5d_0,0.010566933
e53c3d1f33944074b74ffd97ff36dc24_0,0.0024398335
cebde6404256425583fac5ed89b1b48c_0,0.029502992
be0682d9377741c1977957d57d396c78_0,0.005122403
601f74054da44ffd91097f26f1112e9c_0,0.06274087
c5688580315349169e030a8711627cba_0,0.04986772
bea2732647af474d892e9c2749857bc6_0,0.12969807
572ac24eb83e4e40b1e60f6beefb7133_0,0.012823863
3b547cfcf7e34660bdfb3b4eafdc8dec_0,0.01866853
546b7eecf7b048b59c5fb19cebeca99a_0,0.024594557
a10d6fc242a44d1faabd9bc468fa3e11_0,0.22431545
2f4e1cc058f14fcb915722c0f284be7b_0,0.04354004
3afef95d99af454d9e37d22147382bf7_0,0.018180043
69cf86a8340c4d09ab67f79a711a7990_0,0.064207025
8cdaf0286cd240e4bb30a64aa422bb2c_0,0.39706978
bcfe7e1831ac4bca86c9872c6e57ae33_0,0.014292664
195a05c516544f4eb620f110e27a6519_0,0.015827715
98122ff0d4d54d71b2ddacee7207cbb6_0,0.009565046
a323c39d4a8443c9b2b90598a1fb8097_0,0.2075795
07a22f4e3f824384bf588b01fa41277a_0,0.084527746
571d3fb21092490fa47d96dc74801109_0,0.43615806
fa0aaced05be4f919582c5b7defe680b_0,0.016968844
dc91e144404541a8844b3f84ea5e2bf5_0,0.023887806
a045a5f51fe24333a297866d3e238c38_0,0.23517367
64e48a3c434b46a49613fd4c246c3f61_0,0.098349415
5a8459ed9b9b4762baf2a71a344aa871_0,0.105230756
d968771a097344ed94a341b8c4f72d32_0,0.002457574
e89b95315ff0416ab27636981db7cd1b_0,0.20088705
f4998e073fcc4704baa885b9a72dbf96_0,0.06597024
2b1282fb6b8547849a0cca051fbaee21_0,0.023547264
e68253c444bd4f559e84fa6222314c66_0,0.39672342
a2edb9042c8b46fa9db79292e3c341cb_0,0.029221993
2b758ba9db5a4252b47f7ba7cfb1c80b_0,0.010709049
0802414e50e44816a1fea3957eb7d519_0,0.028895434
7aa57c774188484a86c09ee375345eb1_0,0.05515288
b78a0059d86d407eabe0f4d2af960d75_0,0.046666026
77ad14ec2e134875826c39a559f58425_0,0.08725603
55340709b2074201ae6a3e1497aae0fe_0,0.03132869
6ad37ba90a0a4d2e80f09efe7d50cb1b_0,0.073339984
8c34fde073c348ffbdde10573e7c7b4f_0,0.008597885
2646624f510f48c28c59627f67b22242_0,0.06556505
e73a8b00e6f243caa88d8686db4bd8ac_0,0.027442181
8d0bbc201d894a68a92d8cd987d5ee9d_0,0.019837191
ce161fa115514f0fb2737813cda613a1_0,0.06444941
d1a773d2b3654218ac3389241d36c4ab_0,0.5519764
7dfdce54915a4d609e3f3ed2a86a31a7_0,0.022872165
4d1f8881d3ec4f25b0b5873d8fd4cbbc_0,0.01044916
d91468f2789b4f4bb28f2080f6f42dd8_0,0.024252452
c1b0ce208c99407eaca691f4abe37b1a_0,0.010156401
c038a232120147afa3b7980995653ba4_0,0.0048447237
53e3f45986854abcb692992a96ce21a7_0,0.011430889
71a5c58b69484edba1f6ba542d6f5e34_0,0.43976668
c54b81c6b6b744fbbee7fc88107b8a93_0,0.032667134
8c03be28296f45ebb7bfac9878c1b402_0,0.01290634
a2bf98a05a014acc9b8e61884d0d8fe7_0,0.044531215
b9396ed956f14db0b5aec54f9b41bbbe_0,0.085495576
1319650b7a6c43f9b3b03e8f19993da8_0,0.009083143
72ab3fe3043c4d46b0bdd2db61ff16a1_0,0.9021889
e38c343961fa467faf0c1228e5760657_0,0.09742411
abb602d68ba84df896f1c02c1ae8c7d7_0,0.040410236
0403d929e124459696a765a2da759590_0,0.1968332
00559a1338f444c18eb301f1c822b483_0,0.04770257
9434d921e9264e98985c728badac6029_0,0.050758384
9d4fbb2cc382488e9da7407bd5996bdb_0,0.030801186
225fcbc65a334e25ba1ac406b16816eb_0,0.015461237
0e3f9fc6cb9f462587a12431457cf4f5_0,0.03529723
78daf1700ca24c1a93d80b3bd096930f_0,0.8123988
420334e4062849ea9ced0c001dc028b2_0,0.022966757
ceff050e3ca8401f8ec98cf34dcbed52_0,0.047371026
febf5f02b3bd4018a49da0bcf01565b6_0,0.40676093
94a1fd2c9fad4b3ba0cd990e3053a95b_0,0.017995534
caa8b30c5ea34df795db27becd5d727d_0,0.4946804
85a008994bcf4d6e97c489c937892327_0,0.12632166
873c46e7e6814f13a400f8a5aabec952_0,0.021731894
457d1129b65d4d15b0fe7c1ce185b499_0,0.025575941
e725f49f7d3e4c12af695339c06ad30e_0,0.057315495
cdbbeaa0d8ed40e8b7a839e2a96e69bd_0,0.0188933
906bc1cb82214a828b33723b56b51bea_0,0.19616623
9b36d2dc3bd74813a98b094f9d43739c_0,0.011441811
2e56d3c0586a43f39e87b16041cdb7cb_0,0.3492335
702b24049ec74274a0c7b7956eb6520e_0,0.19530173
28fd3d5671cc4e6680465b694b424021_0,0.015489125
0d9c3594cceb44c5a42c78015f31edb2_0,0.8718069
fdef6e3a7d1648ed9392ec9722c63bdb_0,0.021672444
c03c9da40efd4731a7b76dbb0189f803_0,0.05319803
acb1afa4ffea4a679ff46ca24dfeab37_0,0.013790909
a78f6dd6d6d746cd87d5cea5c95f97a0_0,0.028090375
3474cd869bd84518bf3fe77b10df7f24_0,0.0044511585
18285919128d4ed5add1d8ab14710cbb_0,0.03710646
7b53612ca9ba467a8e83c73040a9ee4c_0,0.026773239
03b12c6a4b6542c796e0e6cec87ea3c5_0,0.08707706
d8f7768348504b29a9f4daed7b78418d_0,0.025213132
63412731c46943b2aa6b440a94aa94c0_0,0.005546222
a519597cd9284645925e1e50278898d6_0,0.06860796
f177f77b025a4caead45f85105b9c8a0_0,0.09026162
55ae9f1ecfab4ea790414b569af32846_0,0.12996975
b4c650d95a85419491bc2c3908d2480c_0,0.027066525
a77244705d694bd3abab8873800142d4_0,0.023252666
b545e93b7fb5457e91f879a2bd2d9653_0,0.29198113
d636ab4dc9694127b7ee28d997fbd340_0,0.061720796
39631f28aac84137a2e8d70163431270_0,0.026484478
53a00094cc6f4e59b45f6fc154809906_0,0.091635786
b126370d74234baaad30fb89e02c3d34_0,0.9129924
0c4873b2821744d6923d007720981514_0,0.050115947
9c98722ecdbc4b27881511159363661a_0,0.007626618
2e04d71aa3b442a8ab76c9c17ac8ce0c_0,0.15353872
db079eb92c924481af8431ab162de38f_0,0.026480203
6190d3de90b741da90bc1a2023cb3799_0,0.03178507
6c2cd3a527904d418b1f2e5a5c149032_0,0.6654052
ef33616d8f6c4084844fab724b93fa86_0,0.020786956
15ea92ca7408453d87b2ec7bc7309acc_0,0.17575052
6eea43c48b404e1c8aacb73563ea5fab_0,0.022650791
39a7a76f3e104e37a1e0e78feffabc5f_0,0.5549653
f6c9a252932b43daad5acee52f876d59_0,0.023799298
c7525fab646e47c28801bd66c4f909d4_0,0.042632595
8f97eb525750449685233a18628a0893_0,0.03923114
1d7cb138fbce4efcb332b5621cbcc194_0,0.33686438
a000fc896da943aeb5f8b345a95c3417_0,0.06625219
423dd40160ba4f29afc9154e4fb12963_0,0.65522915
7d638fa38b054b4facccef5b7a8c4413_0,0.15373805
e8f60b8cf94b4eecb10d2a42f783e8eb_0,0.10588598
c6025ecf17ac4cc1979fcba2f69133b9_0,0.061805163
11b582e227fc4951a89c2520f4eed6a6_0,0.05179099
2242e5aac4444d9881b8bb6a4c2ca07e_0,0.832685
60904bae49744c8dae3672c195815011_0,0.5747728
116c92d32ff44ed2b43ceb5ac41d5d42_0,0.018312821
4d735d5863c048a2b73d2fc2f95029ac_0,0.045667816
ac65d18eace1479496830a784cc1359d_0,0.1634889
e978f89efc1440bf93464699e46db9e8_0,0.55640936
c0f9b8a5f2d6496eb3b62430d4900d25_0,0.029089602
9b16e35370bc450197934047c6160e03_0,0.030793829
4ac3982d1d6b40c4b7565e936476384e_0,0.056517124
f886e71be6d14a51ad41c043b758f37c_0,0.027230194
85e4e07ae88e411aabec749af56b6b7e_0,0.07035796
482aab6070744013a360377e0e441522_0,0.16595034
4d0dcc76e28c4ad2a51059aac85d25eb_0,0.05186085
beed544a2e5144d88ac922ab5686b1a1_0,0.8110963
c89d3b1a78c74d3f915be6010a06775a_0,0.037010595
6781bd5f814541c5bb6419aaf76657f2_0,0.07187528
2f114b3399244f3a93d3a1e121c1a16a_0,0.92959
f04506bb219f4ebb950971d1ec1aa6bd_0,0.00562785
7afed0fd7af941d1941e5684dd898e31_0,0.02505328
86fadfa4842345cf8cac15e8ded0f3a4_0,0.0038689426
811d044382d84fc482ff6fc3a505d6ad_0,0.30315393
dace74fdc6a943b8b38116b0c5154ac4_0,0.5195342
5d522f753f1845ca90cfa839a51c6c67_0,0.045418534
f7af17672ed549aea7d58638b11f3e43_0,0.0070963264
86155e33fc4c4e80adf9f70fe204caea_0,0.013288865
5b56de110a574c9a80c6d3da28bcd13f_0,0.11587213
00ae575033054ce3ba68d2d3e1ba30e2_0,0.8045218
6a1d90adeb664862a6f069881f5026fd_0,0.9787755
01763d48ee644bbb99bffb1a63c18bb4_0,0.004687925
007bf899fb5b4a3b8105183d0ca56cfa_0,0.029046755
a4ae27b0bf2d42399663c4ceb7ca1d10_0,0.0891161
f728d58bda4c48f8af2260a27fb7649b_0,0.4830908
1256d04df15142e88f0f53706fd1d554_0,0.7505821
4a363f5d5794470fa13857c70078ed71_0,0.070422895
9caa753cdcc140a493fd9c5d2722424c_0,0.024831314
e5a9d995392f40f7a797f9e914d0992e_0,0.042375706
eadc63a6b6464ab0a2c0fd19e143f1cd_0,0.0642764
4bbfd285f51d4d4d9edaa06634a4eeef_0,0.9073605
983c78ce623f4d03aa3e988042bde45f_0,0.09055506
ba7a4b3c43744aebaf49be267a6a6065_0,0.3081218
778859086e614aefba2db887fc052803_0,0.011805943
26c66d7644014471be1aa48283eb6c4b_0,0.94571066
47f322553d3d43eb981964d36de86241_0,0.051638078
b176be4d2ea04d1781a9a5650fb501ed_0,0.011617367
6f0b58a43a9546a5b696c94d5c242532_0,0.13876255
8983932c7e3047d981d3908d33f70b7c_0,0.033251118
b72e80e2e7cc4ea18bf3af6ab9e41aff_0,0.18090092
ef2bb7dc15c44531a19e11a35b71230d_0,0.2256002
d240607064cd46a3991f63575d91367a_0,0.032062273
72c0f64ae09c4cbf894f1fffb731e7b4_0,0.034324836
ec0565d7079043db9340ea3d59824bd7_0,0.39713818
d87a9dfefe6f4153b831384d14bf84da_0,0.31020373
50ff9513e18a448294c4be1984370998_0,0.020414246
a25baf54ff334bb686914707e4bfd7d5_0,0.095188685
d707eea274d14166899cafc7a40a0bca_0,0.032562338
62ef1005ba554d72918ae8c58ad7cda6_0,0.30052844
a0278d94685f4a20be793ae375f4238e_0,0.3204769
3be1cb2d192f44c6bab861cb49396aea_0,0.65569216
9950fe722b4c4306b821b9b2d29cc386_0,0.00790187
91cab6eb9d394feeba44f3cdfad9dd74_0,0.46941894
66d1dcfece91411b9d2c48e9339415af_0,0.4148046
e28194e36a5340ecb67b3819da8d4ee1_0,0.019931613
b938b3b481f647f1a04d683be567b71d_0,0.007329678
e8d2a0030e4248a48ad443c39a5e41d6_0,0.10539671
523d0b1b855f4616988f2c75fe4f094c_0,0.030296572
90f0fd25ea7b4581b880e33c2fe79bf8_0,0.0062236097
c1a48efd3aec46b890b67119fdc00448_0,0.124618866
2eaba9a1b8f84949ba2456f6a927e0cf_0,0.01858691
e9b0260b217547da9d3a87b041431e3e_0,0.14406076
0ea9228f159d463898bcf9154c02ae52_0,0.049078804
fed6ebff90f94f43ababc2042e6c96e3_0,0.02397052
d68e6d8770454dee84e09b02acb2e4c5_0,0.76357394
6ddf9724a3b14722ac13c767ad5d5d95_0,0.9042366
b9aca06c18bc41a1b60c9f53dae3e970_0,0.34204575
ef872a5bc85e49d88fd505def83c4c07_0,0.016940506
a027ca84a9af4b36a8366f5dac7dff89_0,0.039392035
2746fece475344aba5ef61ac175f5a98_0,0.051927187
d1dda89b90b5414aa7c6d8c7f86f5cd2_0,0.01267327
ab62d66958e3441693c9ca5074fffbc8_0,0.2846192
cda2964f6c0b47279e3cc6a4d6f910ff_0,0.039309382
a2568b29833740bbb27db3c1bf380e77_0,0.046071913
fee84463bb5c4b13aa6149447a1dcf97_0,0.13614728
f0cae4bc08a246719010d58f102d63cc_0,0.04333498
7d6742b7e8484e91aba44d9274ce9aa1_0,0.060448084
2c116fe6511e40a5ad1b19510ebe844b_0,0.035285335
bb4d6c3c8dd44abbb8e49ef6bf038fdc_0,0.9225271
8638375effca4ef892d27e727da41ddc_0,0.24462818
f4a2b8cfb89940b28a03be65b2ba5945_0,0.11990358
7dc784589e0048b284f7f961fadbb2af_0,0.0028107404
7a011afc976a4baca14f61922f282713_0,0.0066127493
3144ea5aec4e46d89055f373dab7a6a0_0,0.80596983
8bbd2fdc87be443b8192fd01a6843baa_0,0.12567727
d87bac5865c64f8ea293f46ea15588ca_0,0.4152021
d794e51f117246ba9c4d7338900957d9_0,0.5088185
71da8a8e6c5743178a03381b1778a190_0,0.0065700137
e276db7c21134a24ad5a8554c82fd985_0,0.3989531
4bf1d42e9d0a40de847d714f55fe5e33_0,0.15881826
0749d437443c4b859ca221aba1127fc1_0,0.13595174
4ff2349205c24208b412e757fcc7b12b_0,0.02150812
6667f28e7e0e488ba9eb48fcd310b370_0,0.01987479
a20b2754e05b4d2788b38213f3b3ff35_0,0.04301245
3bfb8ecde5584f47851ad8c6959c3419_0,0.0127174305
8d8c7b4c3e024231a075964a210f6220_0,0.14462616
78920c472af6473f9ad52098a6e330e2_0,0.0708099
a77dd509a8154ed593e7fa9307e17134_0,0.5391212
3fd5734fc9894c2caff60c16c0752003_0,0.9808517
e58dcbe669c947c7be52cdc3d28e6cf1_0,0.042601302
1808c85ebc604dd28b02adee9ba67ccf_0,0.092227
e80640b3acb943b38540a19c0dd773d9_0,0.022135418
da4c1d94ad5345cba46b0bf74765641b_0,0.004215141
9f94dc943328489d9c600192a36d4e8f_0,0.028001938
6e40751dee04434190d72af56d0cfafb_0,0.06716644
aacf2ffdba4b4656a2b69bb555cd03f1_0,0.0047490494
0d8a97bf99454eac9b452ebbf9620264_0,0.09850852
73ab8a76f4c7407a842b2e1a12697486_0,0.026125519
c5c1e425792e464794d86ba6934210f9_0,0.002845638
e428b506aab54de18dee6c27a90ef303_0,0.4719994
d0ef3426d2cd477a812c11ed89b398bb_0,0.032830205
8514f6c540184740b85f4743a464d7ea_0,0.01196689
92cf2ad984f147ff9d171c4e1b9b577d_0,0.94055855
827782a8fbfd4d069eb6216cfdc5f7ac_0,0.56289995
9b69c3743c5c4d19ad12e4833991aadb_0,0.02577262
c8cb9ad2666b4662a664369fd3c7beb9_0,0.68317467
f20c88cd5e304786b99bc8edde7439ae_0,0.6548091
43f12d18196d43fbacf65c4e8d411706_0,0.0074458956
a184dd6714394b5d88014b8a694c3974_0,0.6156146
4441884a384141df9b3db4bb7f95c3de_0,0.19819833
aeb02317881b49ccb80b3e7bac055d9d_0,0.23979929
300b32c974e14cb7a4734ad571c15b9f_0,0.049111135
36f352579043418f8548cf9344ade457_0,0.027477447
72e431f17b914ceda70fe97dd2668b39_0,0.08102945
2c90404e5dfb44889d514657a42849c0_0,0.01681918
a0668a13cb414cda8cd35796d4119cb3_0,0.02766429
22f15b0feded4f0c9952958b7ed87f1f_0,0.07864482
a6ffbb61aff542f88cb6129df2fe1682_0,0.0041055246
3d5a9b4986e94c65a76b28ba469b5f50_0,0.022777423
f3de0960326e4fd0a5cd6960a10dd5f0_0,0.1908636
c488e85f77234d308046c3754064dc28_0,0.0064949924
a74284038732456aa4e57789a24a20ac_0,0.011077219
22e01a2be1104fd6bb0df1ae02872c8e_0,0.7538618
e352ee5433aa4c2eabf5121d38687561_0,0.008901926
70f4cec64d7d4742b161db89db3c619a_0,0.242486
3bf061865d224f13b41faab8f439b214_0,0.11206038
b22843ee344c4c25bb894d9bf87e76a2_0,0.5180466
32189988b13f42c19271425645474ea1_0,0.020673446
67735e76ebd6449a94889488741ef1a2_0,0.035153177
c5f2550071b94006a2e6942adff97adc_0,0.72458386
c714a7953b374663813df1b355d631fc_0,0.012098206
bfb4d25b05154a2ea2b9089d5717fc87_0,0.0066605187
de72549ccf484372a12f281332a8d762_0,0.046876818
39c2562209cc4e08b47f9db2c439a603_0,0.18662736
2471236904d8470ebb6db7347cb5645d_0,0.76676106
3f5eedbbd60142dcacb0d70e0f2abc8f_0,0.35647196
f670f186dba64e68852471ed8551cafb_0,0.0045548305
bbd1d303c8cb4479bcdeae8529ad881d_0,0.06346351
ab16572e8cc84cc09892740f6930a3e6_0,0.0526498
23ce3b6cf164467386e2b34db908dbc3_0,0.032040156
4dad8117d3c946ef9c021aac9e5ded02_0,0.05425583
8e822ce1089741febae586c5fef99124_0,0.008821727
56201a8ac9c64665aa6d236dbc79daf4_0,0.10039221
a1abc4a69bb84c11804ce189966d967d_0,0.00856419
af36ac2aa9734738bbd533db8e5fb43a_1,0.68365484
cdc2c5c605144c8e8dd5e9ea3d1352fc_1,0.2024327
ed19efdedcb24600aea67c968aba5520_1,0.09853122
f2ea031960cf4454b4596d94cbee021e_1,0.950298
d948808cda4944cd838f88308a9ecd8b_1,0.6042754
e2471e582715423aa906e4e99597c5ac_1,0.17825733
bd67234d1a8e4bc189b8e23e2b569fa7_1,0.10640678
dac8fa9f618946af8420301c6532ad5d_1,0.16546877
b131a6d1a3b74a228b19125a50574b4d_1,0.15223356
5b0ba02970d64795b11dd810255754ee_1,0.34499195
aaf7ba7752794c32aeda39d31246307a_1,0.9397521
72c7efccbd434f2a9a4c63f0d579356c_1,0.8840829
8e9e95a13f194d9eb1e130a419ea7869_1,0.075966656
4275718792124ba1b07078a428e96d71_1,0.56767154
838a6c9afa98486a8c62fcc54d508e96_1,0.73737025
97a587a5579047d5a289864e97b39453_1,0.7481886
6327f316231d40fbad110e940775514f_1,0.92268395
b4cd3e31d4ba4cf9808c01b53b6332aa_1,0.86480695
cc594d7907804e84b52a0bcded531a62_1,0.8958047
4f5a32c96b824f41b2ffadba3495d58d_1,0.029707624
2cb2cdb19ff3411f85b578f55d89d650_1,0.23599933
75cc5e06f40a4ab7a8ba1577485e3708_1,0.9364992
2c10ed39d9c7413d9e3a658dd876a0db_1,0.93219405
4d3de5b78ffb4ec7ac7d5acd77946a2d_1,0.52316207
c9bac672cc364eeeac367a6b21b3ef29_1,0.28886402
6d342f871ca34433954df514a9bbed42_1,0.4091939
77fe277ef8ba40fcab7282aad89cf77a_1,0.028718013
de1235a9528b4b9d83d5fbfb8dbe6ada_1,0.037791114
e698984d4b1f4c07ad204a75b79e9b8b_1,0.8211044
d6765b6c90b7425ea464e5c3e250b873_1,0.53874385
a5f9556b3625447eb10c985cab5f038e_1,0.11244676
3722c584edf34e7497f33c83872990d7_1,0.7137022
1070ffc501b3404aae501ce77ffc2e74_1,0.038785458
d7d2e35f70404453aa3556c7a9a37bf7_1,0.2291674
48a90e46ad5f44d9b975f6dbda3fa1c4_1,0.40572146
75bf853c1009452ea798bde09ddca96f_1,0.16294135
1147c9722e334a90a4ff627d5e40638c_1,0.8153353
e3005ae3a047490d9b2c019e7280d212_1,0.0880181
40e7ebb35e8a4f1089c4de799a942895_1,0.8172812
dbf63002a33c4183bc085581cfbd4366_1,0.9749093
5e094fece9c249ecbeecb1b829cf5ef9_1,0.96345896
b191ba30fb96410d8e18198ae5125152_1,0.6282699
02f44e0ff9ab47a1ae060e9d7ac10cd7_1,0.77609336
c372ad8bd4d34eee93af030e68a61ac7_1,0.92818326
6dbbf719a73e4439835c1e8837249f00_1,0.86403435
d39ceee3f7d44baaa748f50435fb64a5_1,0.2762742
e298b53542d443e3b12be25876948226_1,0.58921355
e5000636472f4e09a292fccde0d828b5_1,0.9220866
0696301195b043ef9ecb5d80187f6edd_1,0.55742216
4d9df9374d13415d8717a09e4de67983_1,0.6431107
621d5e85990e4c4abc8cd6f2667396e0_1,0.09039804
72d6f24efcb640d5b193d6219ecfcdab_1,0.96669286
bf3515f7f41d49d4be2ca05ec0a19c25_1,0.53625804
9ff3153d2e9f41b1bc66a7e99f9098b0_1,0.82547355
fd940768853241689f494423ac3f5e5d_1,0.9570083
e53c3d1f33944074b74ffd97ff36dc24_1,0.9860637
cebde6404256425583fac5ed89b1b48c_1,0.72113985
be0682d9377741c1977957d57d396c78_1,0.8805612
601f74054da44ffd91097f26f1112e9c_1,0.4224708
c5688580315349169e030a8711627cba_1,0.9277337
bea2732647af474d892e9c2749857bc6_1,0.33281085
572ac24eb83e4e40b1e60f6beefb7133_1,0.88436484
3b547cfcf7e34660bdfb3b4eafdc8dec_1,0.78541064
546b7eecf7b048b59c5fb19cebeca99a_1,0.52838475
a10d6fc242a44d1faabd9bc468fa3e11_1,0.065296695
2f4e1cc058f14fcb915722c0f284be7b_1,0.7500819
3afef95d99af454d9e37d22147382bf7_1,0.915597
69cf86a8340c4d09ab67f79a711a7990_1,0.067293905
8cdaf0286cd240e4bb30a64aa422bb2c_1,0.39505684
bcfe7e1831ac4bca86c9872c6e57ae33_1,0.9483183
195a05c516544f4eb620f110e27a6519_1,0.9557575
98122ff0d4d54d71b2ddacee7207cbb6_1,0.88481504
a323c39d4a8443c9b2b90598a1fb8097_1,0.53910834
07a22f4e3f824384bf588b01fa41277a_1,0.25106043
571d3fb21092490fa47d96dc74801109_1,0.06353742
fa0aaced05be4f919582c5b7defe680b_1,0.79569876
dc91e144404541a8844b3f84ea5e2bf5_1,0.54993486
a045a5f51fe24333a297866d3e238c38_1,0.113658965
64e48a3c434b46a49613fd4c246c3f61_1,0.46123794
5a8459ed9b9b4762baf2a71a344aa871_1,0.6811562
d968771a097344ed94a341b8c4f72d32_1,0.98916596
e89b95315ff0416ab27636981db7cd1b_1,0.3829443
f4998e073fcc4704baa885b9a72dbf96_1,0.34084764
2b1282fb6b8547849a0cca051fbaee21_1,0.9129821
e68253c444bd4f559e84fa6222314c66_1,0.3770467
a2edb9042c8b46fa9db79292e3c341cb_1,0.2782819
2b758ba9db5a4252b47f7ba7cfb1c80b_1,0.9711007
0802414e50e44816a1fea3957eb7d519_1,0.22293423
7aa57c774188484a86c09ee375345eb1_1,0.8972017
b78a0059d86d407eabe0f4d2af960d75_1,0.76884055
77ad14ec2e134875826c39a559f58425_1,0.20656507
55340709b2074201ae6a3e1497aae0fe_1,0.7464336
6ad37ba90a0a4d2e80f09efe7d50cb1b_1,0.8106801
8c34fde073c348ffbdde10573e7c7b4f_1,0.847286
2646624f510f48c28c59627f67b22242_1,0.84942365
e73a8b00e6f243caa88d8686db4bd8ac_1,0.9538636
8d0bbc201d894a68a92d8cd987d5ee9d_1,0.58674157
ce161fa115514f0fb2737813cda613a1_1,0.85795265
d1a773d2b3654218ac3389241d36c4ab_1,0.02544247
7dfdce54915a4d609e3f3ed2a86a31a7_1,0.8244547
4d1f8881d3ec4f25b0b5873d8fd4cbbc_1,0.8008634
d91468f2789b4f4bb28f2080f6f42dd8_1,0.260114
c1b0ce208c99407eaca691f4abe37b1a_1,0.8650193
c038a232120147afa3b7980995653ba4_1,0.9867436
53e3f45986854abcb692992a96ce21a7_1,0.9117727
71a5c58b69484edba1f6ba542d6f5e34_1,0.13736421
c54b81c6b6b744fbbee7fc88107b8a93_1,0.4312014
8c03be28296f45ebb7bfac9878c1b402_1,0.6278213
a2bf98a05a014acc9b8e61884d0d8fe7_1,0.3310228
b9396ed956f14db0b5aec54f9b41bbbe_1,0.31460863
1319650b7a6c43f9b3b03e8f19993da8_1,0.93859166
72ab3fe3043c4d46b0bdd2db61ff16a1_1,0.055509586
e38c343961fa467faf0c1228e5760657_1,0.45578483
abb602d68ba84df896f1c02c1ae8c7d7_1,0.19968416
0403d929e124459696a765a2da759590_1,0.29110235
00559a1338f444c18eb301f1c822b483_1,0.3228686
9434d921e9264e98985c728badac6029_1,0.2584077
9d4fbb2cc382488e9da7407bd5996bdb_1,0.4523056
225fcbc65a334e25ba1ac406b16816eb_1,0.6261749
0e3f9fc6cb9f462587a12431457cf4f5_1,0.42667067
78daf1700ca24c1a93d80b3bd096930f_1,0.03414879
420334e4062849ea9ced0c001dc028b2_1,0.945801
ceff050e3ca8401f8ec98cf34dcbed52_1,0.23070839
febf5f02b3bd4018a49da0bcf01565b6_1,0.049796604
94a1fd2c9fad4b3ba0cd990e3053a95b_1,0.9746424
caa8b30c5ea34df795db27becd5d727d_1,0.1462438
85a008994bcf4d6e97c489c937892327_1,0.08936889
873c46e7e6814f13a400f8a5aabec952_1,0.91466606
457d1129b65d4d15b0fe7c1ce185b499_1,0.3482726
e725f49f7d3e4c12af695339c06ad30e_1,0.4676435
cdbbeaa0d8ed40e8b7a839e2a96e69bd_1,0.56366754
906bc1cb82214a828b33723b56b51bea_1,0.34278202
9b36d2dc3bd74813a98b094f9d43739c_1,0.9436556
2e56d3c0586a43f39e87b16041cdb7cb_1,0.13957733
702b24049ec74274a0c7b7956eb6520e_1,0.2737263
28fd3d5671cc4e6680465b694b424021_1,0.92973965
0d9c3594cceb44c5a42c78015f31edb2_1,0.14546819
fdef6e3a7d1648ed9392ec9722c63bdb_1,0.9045045
c03c9da40efd4731a7b76dbb0189f803_1,0.3453387
acb1afa4ffea4a679ff46ca24dfeab37_1,0.8974314
a78f6dd6d6d746cd87d5cea5c95f97a0_1,0.91006553
3474cd869bd84518bf3fe77b10df7f24_1,0.9464832
18285919128d4ed5add1d8ab14710cbb_1,0.8151837
7b53612ca9ba467a8e83c73040a9ee4c_1,0.5308812
03b12c6a4b6542c796e0e6cec87ea3c5_1,0.89206237
d8f7768348504b29a9f4daed7b78418d_1,0.5726726
63412731c46943b2aa6b440a94aa94c0_1,0.92710584
a519597cd9284645925e1e50278898d6_1,0.5792917
f177f77b025a4caead45f85105b9c8a0_1,0.66891426
55ae9f1ecfab4ea790414b569af32846_1,0.24345449
b4c650d95a85419491bc2c3908d2480c_1,0.49201867
a77244705d694bd3abab8873800142d4_1,0.85901374
b545e93b7fb5457e91f879a2bd2d9653_1,0.20270553
d636ab4dc9694127b7ee28d997fbd340_1,0.18312241
39631f28aac84137a2e8d70163431270_1,0.9041112
53a00094cc6f4e59b45f6fc154809906_1,0.57797456
b126370d74234baaad30fb89e02c3d34_1,0.040047944
0c4873b2821744d6923d007720981514_1,0.83364147
9c98722ecdbc4b27881511159363661a_1,0.94574386
2e04d71aa3b442a8ab76c9c17ac8ce0c_1,0.2279716
db079eb92c924481af8431ab162de38f_1,0.9307453
6190d3de90b741da90bc1a2023cb3799_1,0.17766877
6c2cd3a527904d418b1f2e5a5c149032_1,0.24570985
ef33616d8f6c4084844fab724b93fa86_1,0.521301
15ea92ca7408453d87b2ec7bc7309acc_1,0.26213434
6eea43c48b404e1c8aacb73563ea5fab_1,0.79337543
39a7a76f3e104e37a1e0e78feffabc5f_1,0.32247964
f6c9a252932b43daad5acee52f876d59_1,0.49107522
c7525fab646e47c28801bd66c4f909d4_1,0.7375164
8f97eb525750449685233a18628a0893_1,0.82173514
1d7cb138fbce4efcb332b5621cbcc194_1,0.3681477
a000fc896da943aeb5f8b345a95c3417_1,0.87443054
423dd40160ba4f29afc9154e4fb12963_1,0.68800175
7d638fa38b054b4facccef5b7a8c4413_1,0.8179008
e8f60b8cf94b4eecb10d2a42f783e8eb_1,0.10882114
c6025ecf17ac4cc1979fcba2f69133b9_1,0.066523716
11b582e227fc4951a89c2520f4eed6a6_1,0.947881
2242e5aac4444d9881b8bb6a4c2ca07e_1,0.05857302
60904bae49744c8dae3672c195815011_1,0.11962211
116c92d32ff44ed2b43ceb5ac41d5d42_1,0.95671076
4d735d5863c048a2b73d2fc2f95029ac_1,0.1950532
ac65d18eace1479496830a784cc1359d_1,0.79852986
e978f89efc1440bf93464699e46db9e8_1,0.05580352
c0f9b8a5f2d6496eb3b62430d4900d25_1,0.83869463
9b16e35370bc450197934047c6160e03_1,0.79300743
4ac3982d1d6b40c4b7565e936476384e_1,0.85094345
f886e71be6d14a51ad41c043b758f37c_1,0.73248816
85e4e07ae88e411aabec749af56b6b7e_1,0.26202968
482aab6070744013a360377e0e441522_1,0.18353409
4d0dcc76e28c4ad2a51059aac85d25eb_1,0.56444883
beed544a2e5144d88ac922ab5686b1a1_1,0.08541177
c89d3b1a78c74d3f915be6010a06775a_1,0.93272746
6781bd5f814541c5bb6419aaf76657f2_1,0.32163557
2f114b3399244f3a93d3a1e121c1a16a_1,0.29860136
f04506bb219f4ebb950971d1ec1aa6bd_1,0.9513891
7afed0fd7af941d1941e5684dd898e31_1,0.48691517
86fadfa4842345cf8cac15e8ded0f3a4_1,0.9604109
811d044382d84fc482ff6fc3a505d6ad_1,0.31418052
dace74fdc6a943b8b38116b0c5154ac4_1,0.576341
5d522f753f1845ca90cfa839a51c6c67_1,0.2431208
f7af17672ed549aea7d58638b11f3e43_1,0.9540279
86155e33fc4c4e80adf9f70fe204caea_1,0.9781111
5b56de110a574c9a80c6d3da28bcd13f_1,0.5335317
00ae575033054ce3ba68d2d3e1ba30e2_1,0.038089294
6a1d90adeb664862a6f069881f5026fd_1,0.029696444
01763d48ee644bbb99bffb1a63c18bb4_1,0.95288414
007bf899fb5b4a3b8105183d0ca56cfa_1,0.38412893
a4ae27b0bf2d42399663c4ceb7ca1d10_1,0.64028984
f728d58bda4c48f8af2260a27fb7649b_1,0.16790871
1256d04df15142e88f0f53706fd1d554_1,0.082625896
4a363f5d5794470fa13857c70078ed71_1,0.24365143
9caa753cdcc140a493fd9c5d2722424c_1,0.39272606
e5a9d995392f40f7a797f9e914d0992e_1,0.8876497
eadc63a6b6464ab0a2c0fd19e143f1cd_1,0.11296633
4bbfd285f51d4d4d9edaa06634a4eeef_1,0.09037222
983c78ce623f4d03aa3e988042bde45f_1,0.8862495
ba7a4b3c43744aebaf49be267a6a6065_1,0.13982075
778859086e614aefba2db887fc052803_1,0.9819798
26c66d7644014471be1aa48283eb6c4b_1,0.039939463
47f322553d3d43eb981964d36de86241_1,0.33359534
b176be4d2ea04d1781a9a5650fb501ed_1,0.9715262
6f0b58a43a9546a5b696c94d5c242532_1,0.14323172
8983932c7e3047d981d3908d33f70b7c_1,0.5560044
b72e80e2e7cc4ea18bf3af6ab9e41aff_1,0.3910444
ef2bb7dc15c44531a19e11a35b71230d_1,0.21202849
d240607064cd46a3991f63575d91367a_1,0.30067185
72c0f64ae09c4cbf894f1fffb731e7b4_1,0.76197237
ec0565d7079043db9340ea3d59824bd7_1,0.24205881
d87a9dfefe6f4153b831384d14bf84da_1,0.20730904
50ff9513e18a448294c4be1984370998_1,0.93019027
a25baf54ff334bb686914707e4bfd7d5_1,0.43858823
d707eea274d14166899cafc7a40a0bca_1,0.9606092
62ef1005ba554d72918ae8c58ad7cda6_1,0.1054592
a0278d94685f4a20be793ae375f4238e_1,0.6678054
3be1cb2d192f44c6bab861cb49396aea_1,0.05818605
9950fe722b4c4306b821b9b2d29cc386_1,0.9464597
91cab6eb9d394feeba44f3cdfad9dd74_1,0.5686103
66d1dcfece91411b9d2c48e9339415af_1,0.15905032
e28194e36a5340ecb67b3819da8d4ee1_1,0.78632843
b938b3b481f647f1a04d683be567b71d_1,0.946923
e8d2a0030e4248a48ad443c39a5e41d6_1,0.52605945
523d0b1b855f4616988f2c75fe4f094c_1,0.14084728
90f0fd25ea7b4581b880e33c2fe79bf8_1,0.9814517
c1a48efd3aec46b890b67119fdc00448_1,0.22772159
2eaba9a1b8f84949ba2456f6a927e0cf_1,0.7067818
e9b0260b217547da9d3a87b041431e3e_1,0.16065869
0ea9228f159d463898bcf9154c02ae52_1,0.31340748
fed6ebff90f94f43ababc2042e6c96e3_1,0.74014515
d68e6d8770454dee84e09b02acb2e4c5_1,0.07390051
6ddf9724a3b14722ac13c767ad5d5d95_1,0.21600784
b9aca06c18bc41a1b60c9f53dae3e970_1,0.15324168
ef872a5bc85e49d88fd505def83c4c07_1,0.86057955
a027ca84a9af4b36a8366f5dac7dff89_1,0.48616052
2746fece475344aba5ef61ac175f5a98_1,0.12737964
d1dda89b90b5414aa7c6d8c7f86f5cd2_1,0.95604086
ab62d66958e3441693c9ca5074fffbc8_1,0.3164866
cda2964f6c0b47279e3cc6a4d6f910ff_1,0.7798236
a2568b29833740bbb27db3c1bf380e77_1,0.1920316
fee84463bb5c4b13aa6149447a1dcf97_1,0.23839949
f0cae4bc08a246719010d58f102d63cc_1,0.57423025
7d6742b7e8484e91aba44d9274ce9aa1_1,0.7639012
2c116fe6511e40a5ad1b19510ebe844b_1,0.8019175
bb4d6c3c8dd44abbb8e49ef6bf038fdc_1,0.20393868
8638375effca4ef892d27e727da41ddc_1,0.15469643
f4a2b8cfb89940b28a03be65b2ba5945_1,0.5015278
7dc784589e0048b284f7f961fadbb2af_1,0.9792178
7a011afc976a4baca14f61922f282713_1,0.94863725
3144ea5aec4e46d89055f373dab7a6a0_1,0.24002813
8bbd2fdc87be443b8192fd01a6843baa_1,0.26668552
d87bac5865c64f8ea293f46ea15588ca_1,0.0623388
d794e51f117246ba9c4d7338900957d9_1,0.51334226
71da8a8e6c5743178a03381b1778a190_1,0.9808505
e276db7c21134a24ad5a8554c82fd985_1,0.31038186
4bf1d42e9d0a40de847d714f55fe5e33_1,0.761835
0749d437443c4b859ca221aba1127fc1_1,0.12759177
4ff2349205c24208b412e757fcc7b12b_1,0.81684303
6667f28e7e0e488ba9eb48fcd310b370_1,0.35464546
a20b2754e05b4d2788b38213f3b3ff35_1,0.8361119
3bfb8ecde5584f47851ad8c6959c3419_1,0.9504975
8d8c7b4c3e024231a075964a210f6220_1,0.34453863
78920c472af6473f9ad52098a6e330e2_1,0.8513853
a77dd509a8154ed593e7fa9307e17134_1,0.7271971
3fd5734fc9894c2caff60c16c0752003_1,0.027067436
e58dcbe669c947c7be52cdc3d28e6cf1_1,0.25969502
1808c85ebc604dd28b02adee9ba67ccf_1,0.13437152
e80640b3acb943b38540a19c0dd773d9_1,0.49658966
da4c1d94ad5345cba46b0bf74765641b_1,0.98472744
9f94dc943328489d9c600192a36d4e8f_1,0.5520319
6e40751dee04434190d72af56d0cfafb_1,0.27515608
aacf2ffdba4b4656a2b69bb555cd03f1_1,0.9624004
0d8a97bf99454eac9b452ebbf9620264_1,0.76515484
73ab8a76f4c7407a842b2e1a12697486_1,0.42718318
c5c1e425792e464794d86ba6934210f9_1,0.97724813
e428b506aab54de18dee6c27a90ef303_1,0.07664318
d0ef3426d2cd477a812c11ed89b398bb_1,0.57347304
8514f6c540184740b85f4743a464d7ea_1,0.7931698
92cf2ad984f147ff9d171c4e1b9b577d_1,0.024134018
827782a8fbfd4d069eb6216cfdc5f7ac_1,0.08071496
9b69c3743c5c4d19ad12e4833991aadb_1,0.61482304
c8cb9ad2666b4662a664369fd3c7beb9_1,0.029346073
f20c88cd5e304786b99bc8edde7439ae_1,0.08051579
43f12d18196d43fbacf65c4e8d411706_1,0.935172
a184dd6714394b5d88014b8a694c3974_1,0.06361235
4441884a384141df9b3db4bb7f95c3de_1,0.34979957
aeb02317881b49ccb80b3e7bac055d9d_1,0.057089534
300b32c974e14cb7a4734ad571c15b9f_1,0.80945057
36f352579043418f8548cf9344ade457_1,0.74304813
72e431f17b914ceda70fe97dd2668b39_1,0.07832453
2c90404e5dfb44889d514657a42849c0_1,0.9410828
a0668a13cb414cda8cd35796d4119cb3_1,0.60139674
22f15b0feded4f0c9952958b7ed87f1f_1,0.14686522
a6ffbb61aff542f88cb6129df2fe1682_1,0.9861401
3d5a9b4986e94c65a76b28ba469b5f50_1,0.95259315
f3de0960326e4fd0a5cd6960a10dd5f0_1,0.21140395
c488e85f77234d308046c3754064dc28_1,0.9403407
a74284038732456aa4e57789a24a20ac_1,0.9500157
22e01a2be1104fd6bb0df1ae02872c8e_1,0.07637118
e352ee5433aa4c2eabf5121d38687561_1,0.97301805
70f4cec64d7d4742b161db89db3c619a_1,0.11054033
3bf061865d224f13b41faab8f439b214_1,0.28978375
b22843ee344c4c25bb894d9bf87e76a2_1,0.11802056
32189988b13f42c19271425645474ea1_1,0.91495824
67735e76ebd6449a94889488741ef1a2_1,0.24836795
c5f2550071b94006a2e6942adff97adc_1,0.041252393
c714a7953b374663813df1b355d631fc_1,0.69274634
bfb4d25b05154a2ea2b9089d5717fc87_1,0.95482326
de72549ccf484372a12f281332a8d762_1,0.7549542
39c2562209cc4e08b47f9db2c439a603_1,0.16963288
2471236904d8470ebb6db7347cb5645d_1,0.121200226
3f5eedbbd60142dcacb0d70e0f2abc8f_1,0.40603882
f670f186dba64e68852471ed8551cafb_1,0.96256006
bbd1d303c8cb4479bcdeae8529ad881d_1,0.86436623
ab16572e8cc84cc09892740f6930a3e6_1,0.81706464
23ce3b6cf164467386e2b34db908dbc3_1,0.78144646
4dad8117d3c946ef9c021aac9e5ded02_1,0.52631944
8e822ce1089741febae586c5fef99124_1,0.9084437
56201a8ac9c64665aa6d236dbc79daf4_1,0.93456334
a1abc4a69bb84c11804ce189966d967d_1,0.77953
